{"cameraMode":{"drawMode":0,"name":"Shaded","section":"Shading Mode"},"sceneLighting":true,"audioPlay":false,"sceneViewState":{"showFog":true,"showMaterialUpdate":true,"showSkybox":false,"showFlares":true,"showImageEffects":true,"showParticleSystems":true,"showVisualEffectGraphs":true,"m_FxEnabled":true},"in2DMode":false,"pivot":{"x":-0.15508250892162324,"y":1.2943886518478394,"z":-0.27170348167419436},"rotation":{"x":0.12405601888895035,"y":-0.08326561748981476,"z":0.010378220118582249,"w":0.9887509346008301},"size":1.1604647636413575,"orthographic":false}