{"cameraMode":{"drawMode":0,"name":"Shaded","section":"Shading Mode"},"sceneLighting":true,"audioPlay":false,"sceneViewState":{"showFog":true,"showMaterialUpdate":true,"showSkybox":false,"showFlares":true,"showImageEffects":true,"showParticleSystems":true},"in2DMode":false,"pivot":{"x":-0.795077383518219,"y":0.06494975835084915,"z":0.8876628279685974},"rotation":{"x":0.07334718108177185,"y":-0.3914112448692322,"z":0.03125002607703209,"w":0.9167861938476563},"size":1.1604647636413575,"orthographic":false}