{"cameraMode":{"drawMode":0,"name":"Shaded","section":"Shading Mode"},"sceneLighting":false,"audioPlay":false,"sceneViewState":{"showFog":true,"showMaterialUpdate":true,"showSkybox":false,"showFlares":true,"showImageEffects":true,"showParticleSystems":true},"in2DMode":false,"pivot":{"x":0.26203131675720217,"y":5.307655334472656,"z":3.7037172317504885},"rotation":{"x":0.04397403076291084,"y":0.9165077805519104,"z":-0.10524728894233704,"w":0.38351187109947207},"size":3.892500400543213,"orthographic":false}